{"cameraMode":{"drawMode":0,"name":"Shaded","section":"Shading Mode"},"sceneLighting":false,"audioPlay":false,"sceneViewState":{"showFog":false,"showMaterialUpdate":false,"showSkybox":false,"showFlares":false,"showImageEffects":false,"showParticleSystems":false},"in2DMode":false,"pivot":{"x":245.21560668945313,"y":1186.4898681640625,"z":-153.3140869140625},"rotation":{"x":-0.2783198654651642,"y":0.10547954589128494,"z":-0.030767107382416726,"w":-0.9541840553283691},"size":89.10623168945313,"orthographic":false}