{"cameraMode":{"drawMode":0,"name":"Shaded","section":"Shading Mode"},"sceneLighting":false,"audioPlay":false,"sceneViewState":{"showFog":false,"showMaterialUpdate":false,"showSkybox":false,"showFlares":false,"showImageEffects":false,"showParticleSystems":false},"in2DMode":false,"pivot":{"x":62.89469909667969,"y":-31.53387451171875,"z":289.080322265625},"rotation":{"x":-0.2783198654651642,"y":0.10547954589128494,"z":-0.030767107382416726,"w":-0.9541840553283691},"size":1399.3094482421875,"orthographic":false}